"zipcode","urbanity"
"AB1","Rural"
"AB10","Large_urban"
"AB11","Large_urban"
"AB12","Large_urban"
"AB13","Rural"
"AB14","Rural"
"AB15","Large_urban"
"AB16","Large_urban"
"AB2","Rural"
"AB21","Large_urban"
"AB22","Large_urban"
"AB23","Large_urban"
"AB24","Large_urban"
"AB25","Large_urban"
"AB3","Rural"
"AB30","Rural"
"AB31","Rural"
"AB32","Large_urban"
"AB33","Rural"
"AB34","Rural"
"AB35","Rural"
"AB36","Rural"
"AB37","Rural"
"AB38","Rural"
"AB39","Large_urban"
"AB4","Rural"
"AB41","Rural"
"AB42","Large_urban"
"AB43","Large_urban"
"AB44","Rural"
"AB45","Rural"
"AB5","Rural"
"AB51","Rural"
"AB52","Rural"
"AB53","Rural"
"AB54","Rural"
"AB55","Rural"
"AB56","Rural"
"AB9","Rural"
"AB99","Rural"
"AL1","City_Town"
"AL10","City_Town"
"AL2","City_Town"
"AL3","City_Town"
"AL4","City_Town"
"AL5","City_Town"
"AL6","City_Town"
"AL7","City_Town"
"AL8","City_Town"
"AL9","Rural"
"B1","Large_urban"
"B10","Large_urban"
"B11","Large_urban"
"B12","Large_urban"
"B13","Large_urban"
"B14","Large_urban"
"B15","Large_urban"
"B16","Large_urban"
"B17","Large_urban"
"B18","Large_urban"
"B19","Large_urban"
"B2","Large_urban"
"B20","Large_urban"
"B21","Large_urban"
"B22","Large_urban"
"B23","Large_urban"
"B24","Large_urban"
"B25","Large_urban"
"B26","Large_urban"
"B27","Large_urban"
"B28","Large_urban"
"B29","Large_urban"
"B3","Large_urban"
"B30","Large_urban"
"B31","Large_urban"
"B32","Large_urban"
"B33","Large_urban"
"B34","Large_urban"
"B35","Large_urban"
"B36","Large_urban"
"B37","Large_urban"
"B38","Large_urban"
"B4","Large_urban"
"B40","Rural"
"B42","Large_urban"
"B43","Large_urban"
"B44","Large_urban"
"B45","Large_urban"
"B46","Rural"
"B47","Large_urban"
"B48","Rural"
"B49","Rural"
"B5","Large_urban"
"B50","Rural"
"B6","Large_urban"
"B60","City_Town"
"B61","City_Town"
"B62","Large_urban"
"B63","Large_urban"
"B64","Large_urban"
"B65","Large_urban"
"B66","Large_urban"
"B67","Large_urban"
"B68","Large_urban"
"B69","Large_urban"
"B7","Large_urban"
"B70","Large_urban"
"B71","Large_urban"
"B72","Large_urban"
"B73","Large_urban"
"B74","Large_urban"
"B75","Large_urban"
"B76","Large_urban"
"B77","City_Town"
"B78","Rural"
"B79","City_Town"
"B8","Large_urban"
"B80","Rural"
"B9","Large_urban"
"B90","Large_urban"
"B91","Large_urban"
"B92","Large_urban"
"B93","Large_urban"
"B94","Rural"
"B95","Rural"
"B96","City_Town"
"B97","City_Town"
"B98","City_Town"
"B99","Large_urban"
"BA1","City_Town"
"BA10","Rural"
"BA11","City_Town"
"BA12","City_Town"
"BA13","City_Town"
"BA14","City_Town"
"BA15","Rural"
"BA16","City_Town"
"BA2","City_Town"
"BA20","City_Town"
"BA21","City_Town"
"BA22","Rural"
"BA3","City_Town"
"BA4","City_Town"
"BA5","City_Town"
"BA6","Rural"
"BA7","Rural"
"BA8","Rural"
"BA9","Rural"
"BB0","City_Town"
"BB1","City_Town"
"BB10","City_Town"
"BB11","City_Town"
"BB12","City_Town"
"BB18","City_Town"
"BB2","City_Town"
"BB3","City_Town"
"BB4","City_Town"
"BB5","City_Town"
"BB6","City_Town"
"BB7","Rural"
"BB8","City_Town"
"BB9","City_Town"
"BB94","Rural"
"BD1","Large_urban"
"BD10","Large_urban"
"BD11","Large_urban"
"BD12","Large_urban"
"BD13","Large_urban"
"BD14","Large_urban"
"BD15","Large_urban"
"BD16","Large_urban"
"BD17","Large_urban"
"BD18","Large_urban"
"BD19","Large_urban"
"BD2","Large_urban"
"BD20","City_Town"
"BD21","City_Town"
"BD22","City_Town"
"BD23","Rural"
"BD24","Rural"
"BD3","Large_urban"
"BD4","Large_urban"
"BD5","Large_urban"
"BD6","Large_urban"
"BD7","Large_urban"
"BD8","Large_urban"
"BD9","Large_urban"
"BD97","Large_urban"
"BD98","Large_urban"
"BD99","Large_urban"
"BH1","City_Town"
"BH10","City_Town"
"BH11","City_Town"
"BH12","City_Town"
"BH13","City_Town"
"BH14","City_Town"
"BH15","City_Town"
"BH16","City_Town"
"BH17","City_Town"
"BH18","City_Town"
"BH19","City_Town"
"BH2","City_Town"
"BH20","Rural"
"BH21","City_Town"
"BH22","City_Town"
"BH23","City_Town"
"BH24","City_Town"
"BH25","City_Town"
"BH3","City_Town"
"BH31","City_Town"
"BH4","City_Town"
"BH5","City_Town"
"BH6","City_Town"
"BH7","City_Town"
"BH8","City_Town"
"BH9","City_Town"
"BL0","Large_urban"
"BL1","Large_urban"
"BL11","Large_urban"
"BL2","Large_urban"
"BL3","Large_urban"
"BL4","Large_urban"
"BL5","Large_urban"
"BL6","City_Town"
"BL7","Large_urban"
"BL78","Large_urban"
"BL8","Large_urban"
"BL9","Large_urban"
"BN1","City_Town"
"BN10","City_Town"
"BN11","City_Town"
"BN12","City_Town"
"BN13","City_Town"
"BN14","City_Town"
"BN15","City_Town"
"BN16","City_Town"
"BN17","City_Town"
"BN18","Rural"
"BN2","City_Town"
"BN20","City_Town"
"BN21","City_Town"
"BN22","City_Town"
"BN23","City_Town"
"BN24","Rural"
"BN25","City_Town"
"BN26","City_Town"
"BN27","City_Town"
"BN3","City_Town"
"BN4","Rural"
"BN41","City_Town"
"BN42","City_Town"
"BN43","City_Town"
"BN44","Rural"
"BN45","Rural"
"BN5","Rural"
"BN50","City_Town"
"BN51","City_Town"
"BN52","City_Town"
"BN6","City_Town"
"BN7","City_Town"
"BN8","Rural"
"BN88","City_Town"
"BN9","City_Town"
"BN95","City_Town"
"BN99","City_Town"
"BR1","Large_urban"
"BR2","Large_urban"
"BR3","Large_urban"
"BR4","Large_urban"
"BR5","Large_urban"
"BR6","Large_urban"
"BR7","Large_urban"
"BR8","Large_urban"
"BS0","City_Town"
"BS1","City_Town"
"BS10","City_Town"
"BS11","City_Town"
"BS12","Rural"
"BS13","City_Town"
"BS14","City_Town"
"BS15","City_Town"
"BS16","City_Town"
"BS17","Rural"
"BS18","Rural"
"BS19","Rural"
"BS2","City_Town"
"BS20","City_Town"
"BS21","City_Town"
"BS22","City_Town"
"BS23","City_Town"
"BS24","City_Town"
"BS25","Rural"
"BS26","Rural"
"BS27","Rural"
"BS28","Rural"
"BS29","Rural"
"BS3","City_Town"
"BS30","City_Town"
"BS31","City_Town"
"BS32","City_Town"
"BS34","City_Town"
"BS35","City_Town"
"BS36","City_Town"
"BS37","City_Town"
"BS39","Rural"
"BS4","City_Town"
"BS40","Rural"
"BS41","Rural"
"BS48","City_Town"
"BS49","City_Town"
"BS5","City_Town"
"BS6","City_Town"
"BS7","City_Town"
"BS77","City_Town"
"BS8","City_Town"
"BS80","City_Town"
"BS9","City_Town"
"BS98","City_Town"
"BS99","City_Town"
"BT1","Rural"
"BT10","Rural"
"BT11","Rural"
"BT12","Rural"
"BT13","Rural"
"BT14","Rural"
"BT15","Rural"
"BT16","Rural"
"BT17","Rural"
"BT18","Rural"
"BT19","Rural"
"BT2","Rural"
"BT20","Rural"
"BT21","Rural"
"BT22","Rural"
"BT23","Rural"
"BT24","Rural"
"BT25","Rural"
"BT26","Rural"
"BT27","Rural"
"BT28","Rural"
"BT29","Rural"
"BT3","Rural"
"BT30","Rural"
"BT31","Rural"
"BT32","Rural"
"BT33","Rural"
"BT34","Rural"
"BT35","Rural"
"BT36","Rural"
"BT37","Rural"
"BT38","Rural"
"BT39","Rural"
"BT4","Rural"
"BT40","Rural"
"BT41","Rural"
"BT42","Rural"
"BT43","Rural"
"BT44","Rural"
"BT45","Rural"
"BT46","Rural"
"BT47","Rural"
"BT48","Rural"
"BT49","Rural"
"BT5","Rural"
"BT51","Rural"
"BT52","Rural"
"BT53","Rural"
"BT54","Rural"
"BT55","Rural"
"BT56","Rural"
"BT57","Rural"
"BT58","Rural"
"BT6","Rural"
"BT60","Rural"
"BT61","Rural"
"BT62","Rural"
"BT63","Rural"
"BT64","Rural"
"BT65","Rural"
"BT66","Rural"
"BT67","Rural"
"BT68","Rural"
"BT69","Rural"
"BT7","Rural"
"BT70","Rural"
"BT71","Rural"
"BT74","Rural"
"BT75","Rural"
"BT76","Rural"
"BT77","Rural"
"BT78","Rural"
"BT79","Rural"
"BT8","Rural"
"BT80","Rural"
"BT81","Rural"
"BT82","Rural"
"BT9","Rural"
"BT92","Rural"
"BT93","Rural"
"BT94","Rural"
"BT99","Rural"
"CA1","City_Town"
"CA10","Rural"
"CA11","City_Town"
"CA12","Rural"
"CA13","Rural"
"CA14","City_Town"
"CA15","Rural"
"CA16","Rural"
"CA17","Rural"
"CA18","Rural"
"CA19","Rural"
"CA2","City_Town"
"CA20","Rural"
"CA21","Rural"
"CA22","Rural"
"CA23","Rural"
"CA24","Rural"
"CA25","Rural"
"CA26","Rural"
"CA27","Rural"
"CA28","City_Town"
"CA3","City_Town"
"CA4","Rural"
"CA5","Rural"
"CA6","Rural"
"CA7","Rural"
"CA8","Rural"
"CA9","Rural"
"CA95","Rural"
"CA99","City_Town"
"CB1","City_Town"
"CB10","Rural"
"CB11","City_Town"
"CB2","City_Town"
"CB21","Rural"
"CB22","Rural"
"CB23","Rural"
"CB24","Rural"
"CB25","Rural"
"CB3","City_Town"
"CB4","City_Town"
"CB5","City_Town"
"CB6","Rural"
"CB7","Rural"
"CB8","City_Town"
"CB9","City_Town"
"CF1","Rural"
"CF10","City_Town"
"CF11","City_Town"
"CF14","City_Town"
"CF15","City_Town"
"CF2","City_Town"
"CF21","Rural"
"CF23","City_Town"
"CF24","City_Town"
"CF3","City_Town"
"CF30","Rural"
"CF31","City_Town"
"CF32","Rural"
"CF33","City_Town"
"CF34","City_Town"
"CF35","Rural"
"CF36","City_Town"
"CF37","City_Town"
"CF38","City_Town"
"CF39","Rural"
"CF4","Rural"
"CF40","City_Town"
"CF41","City_Town"
"CF42","City_Town"
"CF43","Rural"
"CF44","City_Town"
"CF45","City_Town"
"CF46","City_Town"
"CF47","City_Town"
"CF48","City_Town"
"CF5","City_Town"
"CF6","Rural"
"CF61","City_Town"
"CF62","City_Town"
"CF63","City_Town"
"CF64","City_Town"
"CF7","Rural"
"CF71","Rural"
"CF72","City_Town"
"CF8","Rural"
"CF81","City_Town"
"CF82","City_Town"
"CF83","City_Town"
"CF91","City_Town"
"CF95","City_Town"
"CF99","City_Town"
"CH1","City_Town"
"CH2","City_Town"
"CH25","Large_urban"
"CH26","Large_urban"
"CH27","Large_urban"
"CH28","Rural"
"CH29","Rural"
"CH3","City_Town"
"CH30","Large_urban"
"CH31","Large_urban"
"CH32","Large_urban"
"CH33","City_Town"
"CH34","Rural"
"CH4","City_Town"
"CH41","Large_urban"
"CH42","Large_urban"
"CH43","Large_urban"
"CH44","Large_urban"
"CH45","Large_urban"
"CH46","Large_urban"
"CH47","Large_urban"
"CH48","Large_urban"
"CH49","Large_urban"
"CH5","City_Town"
"CH6","City_Town"
"CH60","Large_urban"
"CH61","Large_urban"
"CH62","Large_urban"
"CH63","Large_urban"
"CH64","City_Town"
"CH65","City_Town"
"CH66","City_Town"
"CH7","City_Town"
"CH70","Rural"
"CH8","City_Town"
"CH88","Rural"
"CH99","Rural"
"CM0","Rural"
"CM1","City_Town"
"CM11","City_Town"
"CM12","City_Town"
"CM13","City_Town"
"CM14","City_Town"
"CM15","City_Town"
"CM16","Rural"
"CM17","City_Town"
"CM18","City_Town"
"CM19","City_Town"
"CM2","City_Town"
"CM20","City_Town"
"CM21","City_Town"
"CM22","Rural"
"CM23","City_Town"
"CM24","Rural"
"CM3","Rural"
"CM4","Rural"
"CM5","Rural"
"CM6","Rural"
"CM7","City_Town"
"CM77","City_Town"
"CM8","City_Town"
"CM9","City_Town"
"CM92","City_Town"
"CM98","City_Town"
"CM99","City_Town"
"CO1","City_Town"
"CO10","Rural"
"CO11","Rural"
"CO12","City_Town"
"CO13","City_Town"
"CO14","City_Town"
"CO15","City_Town"
"CO16","Rural"
"CO2","City_Town"
"CO3","City_Town"
"CO4","City_Town"
"CO5","Rural"
"CO6","Rural"
"CO7","Rural"
"CO8","Rural"
"CO9","Rural"
"CR0","Large_urban"
"CR2","Large_urban"
"CR3","Large_urban"
"CR4","Large_urban"
"CR44","Large_urban"
"CR5","Large_urban"
"CR6","Large_urban"
"CR7","Large_urban"
"CR8","Large_urban"
"CR9","Large_urban"
"CR90","Large_urban"
"CT1","City_Town"
"CT10","City_Town"
"CT11","City_Town"
"CT12","City_Town"
"CT13","Rural"
"CT14","City_Town"
"CT15","Rural"
"CT16","City_Town"
"CT17","City_Town"
"CT18","Rural"
"CT19","City_Town"
"CT2","City_Town"
"CT20","City_Town"
"CT21","City_Town"
"CT3","Rural"
"CT4","Rural"
"CT5","City_Town"
"CT50","City_Town"
"CT6","City_Town"
"CT7","City_Town"
"CT8","City_Town"
"CT9","City_Town"
"CV1","City_Town"
"CV10","City_Town"
"CV11","City_Town"
"CV12","City_Town"
"CV13","Rural"
"CV2","City_Town"
"CV21","City_Town"
"CV22","City_Town"
"CV23","Rural"
"CV3","City_Town"
"CV31","City_Town"
"CV32","City_Town"
"CV33","Rural"
"CV34","City_Town"
"CV35","Rural"
"CV36","Rural"
"CV37","City_Town"
"CV4","City_Town"
"CV47","Rural"
"CV5","City_Town"
"CV6","City_Town"
"CV7","Rural"
"CV8","City_Town"
"CV9","City_Town"
"CW1","City_Town"
"CW10","City_Town"
"CW11","City_Town"
"CW12","City_Town"
"CW2","City_Town"
"CW3","Rural"
"CW4","Rural"
"CW5","City_Town"
"CW6","Rural"
"CW7","City_Town"
"CW8","City_Town"
"CW9","City_Town"
"CW98","City_Town"
"DA1","Large_urban"
"DA10","Large_urban"
"DA11","Large_urban"
"DA12","Large_urban"
"DA13","Rural"
"DA14","Large_urban"
"DA15","Large_urban"
"DA16","Large_urban"
"DA17","Large_urban"
"DA18","Large_urban"
"DA2","Large_urban"
"DA3","City_Town"
"DA4","Rural"
"DA5","Large_urban"
"DA6","Large_urban"
"DA7","Large_urban"
"DA8","Large_urban"
"DA9","Large_urban"
"DD1","Large_urban"
"DD10","Large_urban"
"DD11","Large_urban"
"DD2","Large_urban"
"DD3","Large_urban"
"DD4","Large_urban"
"DD5","Large_urban"
"DD6","Rural"
"DD7","Large_urban"
"DD8","Rural"
"DD9","Rural"
"DE1","City_Town"
"DE11","City_Town"
"DE12","Rural"
"DE13","City_Town"
"DE14","City_Town"
"DE15","City_Town"
"DE2","Rural"
"DE21","City_Town"
"DE22","City_Town"
"DE23","City_Town"
"DE24","City_Town"
"DE3","City_Town"
"DE4","Rural"
"DE45","Rural"
"DE5","Large_urban"
"DE55","Large_urban"
"DE56","City_Town"
"DE6","Rural"
"DE65","Rural"
"DE7","Large_urban"
"DE72","City_Town"
"DE73","City_Town"
"DE74","Rural"
"DE75","Large_urban"
"DE99","City_Town"
"DG1","Large_urban"
"DG10","Rural"
"DG11","Rural"
"DG12","Rural"
"DG13","Rural"
"DG14","Rural"
"DG16","Rural"
"DG2","Large_urban"
"DG3","Rural"
"DG4","Rural"
"DG5","Rural"
"DG6","Rural"
"DG7","Rural"
"DG8","Rural"
"DG9","Large_urban"
"DH1","City_Town"
"DH2","Large_urban"
"DH3","Large_urban"
"DH4","Large_urban"
"DH5","Large_urban"
"DH6","Rural"
"DH7","Rural"
"DH8","City_Town"
"DH9","City_Town"
"DH97","City_Town"
"DH98","City_Town"
"DH99","City_Town"
"DL1","City_Town"
"DL10","Rural"
"DL11","Rural"
"DL12","Rural"
"DL13","Rural"
"DL14","City_Town"
"DL15","Rural"
"DL16","City_Town"
"DL17","Rural"
"DL2","Rural"
"DL3","City_Town"
"DL4","Rural"
"DL5","City_Town"
"DL6","City_Town"
"DL7","Rural"
"DL8","Rural"
"DL9","City_Town"
"DL98","City_Town"
"DN1","Large_urban"
"DN10","Rural"
"DN11","Rural"
"DN12","Large_urban"
"DN14","Rural"
"DN15","City_Town"
"DN16","City_Town"
"DN17","City_Town"
"DN18","City_Town"
"DN19","Rural"
"DN2","Large_urban"
"DN20","Rural"
"DN21","City_Town"
"DN22","City_Town"
"DN3","Large_urban"
"DN31","City_Town"
"DN32","City_Town"
"DN33","City_Town"
"DN34","City_Town"
"DN35","City_Town"
"DN36","Rural"
"DN37","City_Town"
"DN38","Rural"
"DN39","Rural"
"DN4","Large_urban"
"DN40","City_Town"
"DN41","Rural"
"DN5","Large_urban"
"DN55","Large_urban"
"DN6","Large_urban"
"DN7","City_Town"
"DN8","City_Town"
"DN9","Rural"
"DT1","City_Town"
"DT10","Rural"
"DT11","Rural"
"DT2","Rural"
"DT3","City_Town"
"DT4","City_Town"
"DT5","Rural"
"DT6","City_Town"
"DT7","Rural"
"DT8","Rural"
"DT9","Rural"
"DY1","Large_urban"
"DY10","City_Town"
"DY11","City_Town"
"DY12","Rural"
"DY13","City_Town"
"DY14","Rural"
"DY2","Large_urban"
"DY3","Large_urban"
"DY4","Large_urban"
"DY5","Large_urban"
"DY6","Large_urban"
"DY7","Rural"
"DY8","Large_urban"
"DY9","Large_urban"
"E1","Large_urban"
"E10","Large_urban"
"E11","Large_urban"
"E12","Large_urban"
"E13","Large_urban"
"E14","Large_urban"
"E15","Large_urban"
"E16","Large_urban"
"E17","Large_urban"
"E18","Large_urban"
"E1W","Large_urban"
"E2","Large_urban"
"E20","Large_urban"
"E3","Large_urban"
"E4","Large_urban"
"E5","Large_urban"
"E6","Large_urban"
"E7","Large_urban"
"E77","Large_urban"
"E8","Large_urban"
"E9","Large_urban"
"E98","Large_urban"
"EC1A","Large_urban"
"EC1M","Large_urban"
"EC1N","Large_urban"
"EC1P","Large_urban"
"EC1R","Large_urban"
"EC1V","Large_urban"
"EC1Y","Large_urban"
"EC2A","Large_urban"
"EC2M","Large_urban"
"EC2N","Large_urban"
"EC2P","Large_urban"
"EC2R","Large_urban"
"EC2V","Large_urban"
"EC2Y","Large_urban"
"EC3A","Large_urban"
"EC3B","Large_urban"
"EC3M","Large_urban"
"EC3N","Large_urban"
"EC3P","Large_urban"
"EC3R","Large_urban"
"EC3V","Large_urban"
"EC4A","Large_urban"
"EC4M","Large_urban"
"EC4N","Large_urban"
"EC4P","Large_urban"
"EC4R","Large_urban"
"EC4V","Large_urban"
"EC4Y","Large_urban"
"EC50","Large_urban"
"EC88","Large_urban"
"EH1","Large_urban"
"EH10","Large_urban"
"EH11","Large_urban"
"EH12","Large_urban"
"EH13","Large_urban"
"EH14","Large_urban"
"EH15","Large_urban"
"EH16","Large_urban"
"EH17","Large_urban"
"EH18","Large_urban"
"EH19","Large_urban"
"EH2","Large_urban"
"EH20","Rural"
"EH21","Large_urban"
"EH22","Large_urban"
"EH23","Rural"
"EH24","Rural"
"EH25","Rural"
"EH26","Large_urban"
"EH27","Rural"
"EH28","Rural"
"EH29","Rural"
"EH3","Large_urban"
"EH30","Rural"
"EH31","Rural"
"EH32","Rural"
"EH33","Large_urban"
"EH34","Rural"
"EH35","Rural"
"EH36","Rural"
"EH37","Rural"
"EH38","Rural"
"EH39","Rural"
"EH4","Large_urban"
"EH40","Rural"
"EH41","Rural"
"EH42","Rural"
"EH43","Rural"
"EH44","Rural"
"EH45","Rural"
"EH46","Rural"
"EH47","Large_urban"
"EH48","Large_urban"
"EH49","Large_urban"
"EH5","Large_urban"
"EH51","Large_urban"
"EH52","Large_urban"
"EH53","Large_urban"
"EH54","Large_urban"
"EH55","Rural"
"EH6","Large_urban"
"EH7","Large_urban"
"EH77","Rural"
"EH8","Large_urban"
"EH9","Large_urban"
"EH91","Large_urban"
"EH95","Large_urban"
"EH99","Large_urban"
"EN1","Large_urban"
"EN10","Large_urban"
"EN11","Large_urban"
"EN2","Large_urban"
"EN3","Large_urban"
"EN4","Large_urban"
"EN5","Large_urban"
"EN6","City_Town"
"EN7","Large_urban"
"EN8","Large_urban"
"EN9","Large_urban"
"EX1","City_Town"
"EX10","City_Town"
"EX11","Rural"
"EX12","Rural"
"EX13","Rural"
"EX14","City_Town"
"EX15","Rural"
"EX16","City_Town"
"EX17","Rural"
"EX18","Rural"
"EX19","Rural"
"EX2","City_Town"
"EX20","Rural"
"EX21","Rural"
"EX22","Rural"
"EX23","Rural"
"EX24","Rural"
"EX3","City_Town"
"EX31","City_Town"
"EX32","City_Town"
"EX33","Rural"
"EX34","City_Town"
"EX35","Rural"
"EX36","Rural"
"EX37","Rural"
"EX38","Rural"
"EX39","City_Town"
"EX4","City_Town"
"EX5","Rural"
"EX6","Rural"
"EX7","City_Town"
"EX8","City_Town"
"EX9","Rural"
"FK1","Large_urban"
"FK10","Large_urban"
"FK11","Rural"
"FK12","Rural"
"FK13","Rural"
"FK14","Rural"
"FK15","Rural"
"FK16","Rural"
"FK17","Rural"
"FK18","Rural"
"FK19","Rural"
"FK2","Large_urban"
"FK20","Rural"
"FK21","Rural"
"FK3","Large_urban"
"FK4","Large_urban"
"FK5","Large_urban"
"FK6","Large_urban"
"FK7","Large_urban"
"FK8","Large_urban"
"FK9","Large_urban"
"FY0","City_Town"
"FY1","City_Town"
"FY2","City_Town"
"FY3","City_Town"
"FY4","City_Town"
"FY5","City_Town"
"FY6","City_Town"
"FY7","City_Town"
"FY8","City_Town"
"G1","Large_urban"
"G11","Large_urban"
"G12","Large_urban"
"G13","Large_urban"
"G14","Large_urban"
"G15","Large_urban"
"G2","Large_urban"
"G20","Large_urban"
"G21","Large_urban"
"G22","Large_urban"
"G23","Large_urban"
"G3","Large_urban"
"G31","Large_urban"
"G32","Large_urban"
"G33","Large_urban"
"G34","Large_urban"
"G4","Large_urban"
"G40","Large_urban"
"G41","Large_urban"
"G42","Large_urban"
"G43","Large_urban"
"G44","Large_urban"
"G45","Large_urban"
"G46","Large_urban"
"G5","Large_urban"
"G51","Large_urban"
"G52","Large_urban"
"G53","Large_urban"
"G58","Large_urban"
"G59","Rural"
"G60","Large_urban"
"G61","Large_urban"
"G62","Large_urban"
"G63","Rural"
"G64","Large_urban"
"G65","Rural"
"G66","Large_urban"
"G67","Large_urban"
"G68","Large_urban"
"G69","Large_urban"
"G70","Large_urban"
"G71","Large_urban"
"G72","Large_urban"
"G73","Large_urban"
"G74","Large_urban"
"G75","Large_urban"
"G76","Large_urban"
"G77","Large_urban"
"G78","Large_urban"
"G79","Large_urban"
"G80","Large_urban"
"G81","Large_urban"
"G82","Large_urban"
"G83","Large_urban"
"G84","Large_urban"
"G9","Rural"
"G90","Large_urban"
"GL1","City_Town"
"GL10","City_Town"
"GL11","City_Town"
"GL12","Rural"
"GL13","Rural"
"GL14","City_Town"
"GL15","Rural"
"GL16","City_Town"
"GL17","Rural"
"GL18","Rural"
"GL19","Rural"
"GL2","City_Town"
"GL20","City_Town"
"GL3","City_Town"
"GL4","City_Town"
"GL5","City_Town"
"GL50","City_Town"
"GL51","City_Town"
"GL52","City_Town"
"GL53","City_Town"
"GL54","Rural"
"GL55","Rural"
"GL56","Rural"
"GL6","City_Town"
"GL7","Rural"
"GL8","Rural"
"GL9","Rural"
"GU1","City_Town"
"GU10","City_Town"
"GU11","City_Town"
"GU12","City_Town"
"GU13","Rural"
"GU14","City_Town"
"GU15","City_Town"
"GU16","City_Town"
"GU17","City_Town"
"GU18","Rural"
"GU19","Rural"
"GU2","City_Town"
"GU20","City_Town"
"GU21","Large_urban"
"GU22","Large_urban"
"GU23","Rural"
"GU24","City_Town"
"GU25","City_Town"
"GU26","Rural"
"GU27","City_Town"
"GU28","Rural"
"GU29","Rural"
"GU3","Rural"
"GU30","Rural"
"GU31","City_Town"
"GU32","City_Town"
"GU33","Rural"
"GU34","City_Town"
"GU35","City_Town"
"GU4","City_Town"
"GU46","City_Town"
"GU47","City_Town"
"GU5","Rural"
"GU51","City_Town"
"GU52","City_Town"
"GU6","City_Town"
"GU7","City_Town"
"GU8","Rural"
"GU9","City_Town"
"GU95","City_Town"
"HA0","Large_urban"
"HA1","Large_urban"
"HA2","Large_urban"
"HA3","Large_urban"
"HA4","Large_urban"
"HA5","Large_urban"
"HA6","Large_urban"
"HA7","Large_urban"
"HA8","Large_urban"
"HA9","Large_urban"
"HD1","Large_urban"
"HD2","Large_urban"
"HD3","Large_urban"
"HD4","Large_urban"
"HD5","Large_urban"
"HD6","Large_urban"
"HD7","Large_urban"
"HD8","Rural"
"HD9","Large_urban"
"HG1","City_Town"
"HG2","City_Town"
"HG3","Rural"
"HG4","City_Town"
"HG5","City_Town"
"HP1","Large_urban"
"HP10","City_Town"
"HP11","City_Town"
"HP12","City_Town"
"HP13","City_Town"
"HP14","Rural"
"HP15","City_Town"
"HP16","Rural"
"HP17","Rural"
"HP18","Rural"
"HP19","City_Town"
"HP2","Large_urban"
"HP20","City_Town"
"HP21","City_Town"
"HP22","Rural"
"HP23","City_Town"
"HP27","Rural"
"HP3","Large_urban"
"HP4","City_Town"
"HP5","City_Town"
"HP6","City_Town"
"HP7","City_Town"
"HP8","Rural"
"HP9","City_Town"
"HR1","City_Town"
"HR2","City_Town"
"HR3","Rural"
"HR4","City_Town"
"HR5","Rural"
"HR6","City_Town"
"HR7","Rural"
"HR8","Rural"
"HR9","City_Town"
"HS1","Rural"
"HS2","Rural"
"HS3","Rural"
"HS4","Rural"
"HS5","Rural"
"HS6","Rural"
"HS7","Rural"
"HS8","Rural"
"HS9","Rural"
"HU1","City_Town"
"HU10","City_Town"
"HU11","Rural"
"HU12","Rural"
"HU13","City_Town"
"HU14","City_Town"
"HU15","Rural"
"HU16","City_Town"
"HU17","City_Town"
"HU18","Rural"
"HU19","Rural"
"HU2","City_Town"
"HU20","Rural"
"HU3","City_Town"
"HU4","City_Town"
"HU5","City_Town"
"HU6","City_Town"
"HU7","City_Town"
"HU8","City_Town"
"HU9","City_Town"
"HX1","Large_urban"
"HX2","Large_urban"
"HX3","Large_urban"
"HX4","Rural"
"HX5","Large_urban"
"HX6","Large_urban"
"HX7","Rural"
"IG1","Large_urban"
"IG10","Large_urban"
"IG11","Large_urban"
"IG2","Large_urban"
"IG3","Large_urban"
"IG4","Large_urban"
"IG5","Large_urban"
"IG6","Large_urban"
"IG7","Large_urban"
"IG8","Large_urban"
"IG9","Large_urban"
"IP1","City_Town"
"IP10","Rural"
"IP11","City_Town"
"IP12","City_Town"
"IP13","Rural"
"IP14","City_Town"
"IP15","Rural"
"IP16","Rural"
"IP17","Rural"
"IP18","Rural"
"IP19","Rural"
"IP2","City_Town"
"IP20","Rural"
"IP21","Rural"
"IP22","Rural"
"IP23","Rural"
"IP24","City_Town"
"IP25","Rural"
"IP26","Rural"
"IP27","Rural"
"IP28","City_Town"
"IP29","Rural"
"IP3","City_Town"
"IP30","Rural"
"IP31","Rural"
"IP32","City_Town"
"IP33","City_Town"
"IP4","City_Town"
"IP5","City_Town"
"IP6","Rural"
"IP7","Rural"
"IP8","City_Town"
"IP9","Rural"
"IP98","City_Town"
"IV1","Rural"
"IV10","Rural"
"IV11","Rural"
"IV12","Rural"
"IV13","Rural"
"IV14","Rural"
"IV15","Rural"
"IV16","Rural"
"IV17","Rural"
"IV18","Rural"
"IV19","Rural"
"IV2","Large_urban"
"IV20","Rural"
"IV21","Rural"
"IV22","Rural"
"IV23","Rural"
"IV24","Rural"
"IV25","Rural"
"IV26","Rural"
"IV27","Rural"
"IV28","Rural"
"IV3","Large_urban"
"IV30","Large_urban"
"IV31","Rural"
"IV32","Rural"
"IV33","Rural"
"IV34","Rural"
"IV35","Rural"
"IV36","Rural"
"IV4","Rural"
"IV40","Rural"
"IV41","Rural"
"IV42","Rural"
"IV43","Rural"
"IV44","Rural"
"IV45","Rural"
"IV46","Rural"
"IV47","Rural"
"IV48","Rural"
"IV49","Rural"
"IV5","Rural"
"IV51","Rural"
"IV52","Rural"
"IV53","Rural"
"IV54","Rural"
"IV55","Rural"
"IV56","Rural"
"IV6","Rural"
"IV63","Rural"
"IV7","Rural"
"IV8","Rural"
"IV9","Rural"
"IV99","Large_urban"
"KA1","Large_urban"
"KA10","Large_urban"
"KA11","Large_urban"
"KA12","Large_urban"
"KA13","Large_urban"
"KA14","Rural"
"KA15","Rural"
"KA16","Rural"
"KA17","Rural"
"KA18","Rural"
"KA19","Rural"
"KA2","Rural"
"KA20","Large_urban"
"KA21","Large_urban"
"KA22","Large_urban"
"KA23","Rural"
"KA24","Rural"
"KA25","Rural"
"KA26","Rural"
"KA27","Rural"
"KA28","Rural"
"KA29","Rural"
"KA3","Large_urban"
"KA30","Large_urban"
"KA4","Rural"
"KA5","Rural"
"KA6","Rural"
"KA7","Large_urban"
"KA8","Large_urban"
"KA9","Large_urban"
"KT1","Large_urban"
"KT10","Large_urban"
"KT11","City_Town"
"KT12","Large_urban"
"KT13","Large_urban"
"KT14","Large_urban"
"KT15","Large_urban"
"KT16","Large_urban"
"KT17","Large_urban"
"KT18","Large_urban"
"KT19","Large_urban"
"KT2","Large_urban"
"KT20","Large_urban"
"KT21","Large_urban"
"KT22","Large_urban"
"KT23","Large_urban"
"KT24","Rural"
"KT3","Large_urban"
"KT4","Large_urban"
"KT5","Large_urban"
"KT6","Large_urban"
"KT7","Large_urban"
"KT8","Large_urban"
"KT9","Large_urban"
"KW1","Rural"
"KW10","Rural"
"KW11","Rural"
"KW12","Rural"
"KW13","Rural"
"KW14","Rural"
"KW15","Rural"
"KW16","Rural"
"KW17","Rural"
"KW2","Rural"
"KW3","Rural"
"KW5","Rural"
"KW6","Rural"
"KW7","Rural"
"KW8","Rural"
"KW9","Rural"
"KY1","Large_urban"
"KY10","Rural"
"KY11","Large_urban"
"KY12","Large_urban"
"KY13","Rural"
"KY14","Rural"
"KY15","Rural"
"KY16","Large_urban"
"KY2","Large_urban"
"KY3","Rural"
"KY4","Large_urban"
"KY5","Rural"
"KY6","Large_urban"
"KY7","Large_urban"
"KY8","Large_urban"
"KY9","Rural"
"KY99","Large_urban"
"L1","Large_urban"
"L10","Large_urban"
"L11","Large_urban"
"L12","Large_urban"
"L13","Large_urban"
"L14","Large_urban"
"L15","Large_urban"
"L16","Large_urban"
"L17","Large_urban"
"L18","Large_urban"
"L19","Large_urban"
"L2","Large_urban"
"L20","Large_urban"
"L21","Large_urban"
"L22","Large_urban"
"L23","Large_urban"
"L24","Large_urban"
"L25","Large_urban"
"L26","Large_urban"
"L27","Large_urban"
"L28","Large_urban"
"L29","Rural"
"L3","Large_urban"
"L30","Large_urban"
"L31","Large_urban"
"L32","Large_urban"
"L33","Large_urban"
"L34","Large_urban"
"L35","Large_urban"
"L36","Large_urban"
"L37","City_Town"
"L38","Rural"
"L39","City_Town"
"L4","Large_urban"
"L40","Rural"
"L41","Large_urban"
"L42","Large_urban"
"L43","Large_urban"
"L44","Large_urban"
"L45","Rural"
"L46","Large_urban"
"L47","Large_urban"
"L48","Rural"
"L49","Rural"
"L5","Large_urban"
"L6","Large_urban"
"L60","Rural"
"L61","Rural"
"L62","Rural"
"L63","Rural"
"L64","Rural"
"L65","Rural"
"L66","Rural"
"L67","Large_urban"
"L68","Large_urban"
"L69","Large_urban"
"L7","Large_urban"
"L70","Large_urban"
"L71","Large_urban"
"L72","Large_urban"
"L73","Large_urban"
"L74","Large_urban"
"L75","Large_urban"
"L8","Large_urban"
"L80","Large_urban"
"L9","Large_urban"
"LA1","City_Town"
"LA10","Rural"
"LA11","Rural"
"LA12","City_Town"
"LA13","City_Town"
"LA14","City_Town"
"LA15","Rural"
"LA16","Rural"
"LA17","Rural"
"LA18","Rural"
"LA19","Rural"
"LA2","Rural"
"LA20","Rural"
"LA21","Rural"
"LA22","Rural"
"LA23","Rural"
"LA3","City_Town"
"LA4","City_Town"
"LA5","Rural"
"LA6","Rural"
"LA7","Rural"
"LA8","Rural"
"LA9","City_Town"
"LD1","Rural"
"LD2","Rural"
"LD3","Rural"
"LD4","Rural"
"LD5","Rural"
"LD6","Rural"
"LD7","Rural"
"LD8","Rural"
"LE1","City_Town"
"LE10","City_Town"
"LE11","City_Town"
"LE12","City_Town"
"LE13","City_Town"
"LE14","Rural"
"LE15","Rural"
"LE16","City_Town"
"LE17","Rural"
"LE18","City_Town"
"LE19","City_Town"
"LE2","City_Town"
"LE21","City_Town"
"LE3","City_Town"
"LE4","City_Town"
"LE41","City_Town"
"LE5","City_Town"
"LE55","City_Town"
"LE6","City_Town"
"LE65","City_Town"
"LE67","City_Town"
"LE7","City_Town"
"LE8","Rural"
"LE87","City_Town"
"LE9","Rural"
"LE94","City_Town"
"LE95","City_Town"
"LL11","City_Town"
"LL12","Rural"
"LL13","City_Town"
"LL14","City_Town"
"LL15","Rural"
"LL16","Rural"
"LL17","Rural"
"LL18","City_Town"
"LL19","City_Town"
"LL20","Rural"
"LL21","Rural"
"LL22","City_Town"
"LL23","Rural"
"LL24","Rural"
"LL25","Rural"
"LL26","Rural"
"LL27","Rural"
"LL28","City_Town"
"LL29","City_Town"
"LL30","City_Town"
"LL31","City_Town"
"LL32","Rural"
"LL33","Rural"
"LL34","Rural"
"LL35","Rural"
"LL36","Rural"
"LL37","Rural"
"LL38","Rural"
"LL39","Rural"
"LL40","Rural"
"LL41","Rural"
"LL42","Rural"
"LL43","Rural"
"LL44","Rural"
"LL45","Rural"
"LL46","Rural"
"LL47","Rural"
"LL48","Rural"
"LL49","Rural"
"LL51","Rural"
"LL52","Rural"
"LL53","Rural"
"LL54","Rural"
"LL55","Rural"
"LL56","Rural"
"LL57","City_Town"
"LL58","Rural"
"LL59","Rural"
"LL60","Rural"
"LL61","Rural"
"LL62","Rural"
"LL63","Rural"
"LL64","Rural"
"LL65","Rural"
"LL66","Rural"
"LL67","Rural"
"LL68","Rural"
"LL69","Rural"
"LL70","Rural"
"LL71","Rural"
"LL72","Rural"
"LL73","Rural"
"LL74","Rural"
"LL75","Rural"
"LL76","Rural"
"LL77","Rural"
"LL78","Rural"
"LN1","City_Town"
"LN10","Rural"
"LN11","City_Town"
"LN12","City_Town"
"LN13","Rural"
"LN2","City_Town"
"LN3","Rural"
"LN4","Rural"
"LN5","City_Town"
"LN6","City_Town"
"LN7","Rural"
"LN8","Rural"
"LN9","Rural"
"LS1","Large_urban"
"LS10","Large_urban"
"LS11","Large_urban"
"LS12","Large_urban"
"LS13","Large_urban"
"LS14","Large_urban"
"LS15","Large_urban"
"LS16","Large_urban"
"LS17","Large_urban"
"LS18","Large_urban"
"LS19","Large_urban"
"LS2","Large_urban"
"LS20","Large_urban"
"LS21","Large_urban"
"LS22","City_Town"
"LS23","Rural"
"LS24","Rural"
"LS25","City_Town"
"LS26","Large_urban"
"LS27","Large_urban"
"LS28","Large_urban"
"LS29","City_Town"
"LS3","Large_urban"
"LS4","Large_urban"
"LS5","Large_urban"
"LS6","Large_urban"
"LS7","Large_urban"
"LS8","Large_urban"
"LS88","Large_urban"
"LS9","Large_urban"
"LS98","Large_urban"
"LS99","Large_urban"
"LU1","City_Town"
"LU2","City_Town"
"LU3","City_Town"
"LU4","City_Town"
"LU5","City_Town"
"LU6","City_Town"
"LU7","City_Town"
"LU95","City_Town"
"M1","Large_urban"
"M10","Large_urban"
"M11","Large_urban"
"M12","Large_urban"
"M13","Large_urban"
"M14","Large_urban"
"M15","Large_urban"
"M16","Large_urban"
"M17","Large_urban"
"M18","Large_urban"
"M19","Large_urban"
"M2","Large_urban"
"M20","Large_urban"
"M21","Large_urban"
"M22","Large_urban"
"M23","Large_urban"
"M24","Large_urban"
"M25","Large_urban"
"M26","Large_urban"
"M27","Large_urban"
"M28","Large_urban"
"M29","Large_urban"
"M3","Large_urban"
"M30","Large_urban"
"M31","Large_urban"
"M32","Large_urban"
"M33","Large_urban"
"M34","Large_urban"
"M35","Large_urban"
"M38","Large_urban"
"M4","Large_urban"
"M40","Large_urban"
"M41","Large_urban"
"M43","Large_urban"
"M44","Large_urban"
"M45","Large_urban"
"M46","Large_urban"
"M5","Large_urban"
"M50","Large_urban"
"M52","Large_urban"
"M6","Large_urban"
"M60","Large_urban"
"M61","Large_urban"
"M7","Large_urban"
"M8","Large_urban"
"M9","Large_urban"
"M90","Rural"
"M99","Large_urban"
"ME1","City_Town"
"ME10","City_Town"
"ME11","City_Town"
"ME12","City_Town"
"ME13","City_Town"
"ME14","City_Town"
"ME15","City_Town"
"ME16","City_Town"
"ME17","Rural"
"ME18","Rural"
"ME19","Rural"
"ME2","City_Town"
"ME20","City_Town"
"ME3","Rural"
"ME4","City_Town"
"ME5","City_Town"
"ME6","City_Town"
"ME7","City_Town"
"ME8","City_Town"
"ME9","Rural"
"ME99","City_Town"
"MK1","City_Town"
"MK10","City_Town"
"MK11","City_Town"
"MK12","City_Town"
"MK13","City_Town"
"MK14","City_Town"
"MK15","City_Town"
"MK16","City_Town"
"MK17","Rural"
"MK18","Rural"
"MK19","Rural"
"MK2","City_Town"
"MK3","City_Town"
"MK4","City_Town"
"MK40","City_Town"
"MK41","City_Town"
"MK42","City_Town"
"MK43","Rural"
"MK44","Rural"
"MK45","Rural"
"MK46","Rural"
"MK5","City_Town"
"MK6","City_Town"
"MK7","City_Town"
"MK77","City_Town"
"MK8","City_Town"
"MK9","City_Town"
"MK98","City_Town"
"ML1","Large_urban"
"ML10","Rural"
"ML11","Rural"
"ML12","Rural"
"ML2","Large_urban"
"ML3","Large_urban"
"ML4","Large_urban"
"ML5","Large_urban"
"ML6","Large_urban"
"ML7","Rural"
"ML8","Large_urban"
"ML9","Large_urban"
"N1","Large_urban"
"N10","Large_urban"
"N11","Large_urban"
"N12","Large_urban"
"N13","Large_urban"
"N14","Large_urban"
"N15","Large_urban"
"N16","Large_urban"
"N17","Large_urban"
"N18","Large_urban"
"N19","Large_urban"
"N1C","Large_urban"
"N1P","Large_urban"
"N2","Large_urban"
"N20","Large_urban"
"N21","Large_urban"
"N22","Large_urban"
"N3","Large_urban"
"N4","Large_urban"
"N5","Large_urban"
"N6","Large_urban"
"N7","Large_urban"
"N8","Large_urban"
"N81","Large_urban"
"N9","Large_urban"
"NE1","Large_urban"
"NE10","Large_urban"
"NE11","Large_urban"
"NE12","Large_urban"
"NE13","Rural"
"NE15","Large_urban"
"NE16","Large_urban"
"NE17","Rural"
"NE18","Rural"
"NE19","Rural"
"NE2","Large_urban"
"NE20","City_Town"
"NE21","Large_urban"
"NE22","City_Town"
"NE23","Large_urban"
"NE24","City_Town"
"NE25","Large_urban"
"NE26","Large_urban"
"NE27","Large_urban"
"NE28","Large_urban"
"NE29","Large_urban"
"NE3","Large_urban"
"NE30","Large_urban"
"NE31","Large_urban"
"NE32","Large_urban"
"NE33","Large_urban"
"NE34","Large_urban"
"NE35","Large_urban"
"NE36","Large_urban"
"NE37","Large_urban"
"NE38","Large_urban"
"NE39","Rural"
"NE4","Large_urban"
"NE40","Large_urban"
"NE41","Rural"
"NE42","City_Town"
"NE43","Rural"
"NE44","Rural"
"NE45","Rural"
"NE46","City_Town"
"NE47","Rural"
"NE48","Rural"
"NE49","Rural"
"NE5","Large_urban"
"NE6","Large_urban"
"NE61","Rural"
"NE62","Rural"
"NE63","City_Town"
"NE64","Rural"
"NE65","Rural"
"NE66","Rural"
"NE67","Rural"
"NE68","Rural"
"NE69","Rural"
"NE7","Large_urban"
"NE70","Rural"
"NE71","Rural"
"NE8","Large_urban"
"NE82","Large_urban"
"NE83","Large_urban"
"NE85","Large_urban"
"NE88","Large_urban"
"NE89","Large_urban"
"NE9","Large_urban"
"NE92","Large_urban"
"NE98","Large_urban"
"NE99","Large_urban"
"NG1","Large_urban"
"NG10","Large_urban"
"NG11","Large_urban"
"NG12","Rural"
"NG13","Rural"
"NG14","Rural"
"NG15","Large_urban"
"NG16","Large_urban"
"NG17","City_Town"
"NG18","City_Town"
"NG19","City_Town"
"NG2","Large_urban"
"NG20","Rural"
"NG21","Rural"
"NG22","Rural"
"NG23","Rural"
"NG24","City_Town"
"NG25","Rural"
"NG3","Large_urban"
"NG31","City_Town"
"NG32","Rural"
"NG33","Rural"
"NG34","Rural"
"NG4","Large_urban"
"NG5","Large_urban"
"NG6","Large_urban"
"NG7","Large_urban"
"NG70","City_Town"
"NG8","Large_urban"
"NG80","City_Town"
"NG9","Large_urban"
"NG90","Large_urban"
"NN1","City_Town"
"NN10","City_Town"
"NN11","City_Town"
"NN12","Rural"
"NN13","City_Town"
"NN14","Rural"
"NN15","City_Town"
"NN16","City_Town"
"NN17","City_Town"
"NN18","City_Town"
"NN2","City_Town"
"NN29","Rural"
"NN3","City_Town"
"NN4","City_Town"
"NN5","City_Town"
"NN6","Rural"
"NN7","Rural"
"NN8","City_Town"
"NN9","Rural"
"NN99","City_Town"
"NP1","Rural"
"NP10","City_Town"
"NP11","City_Town"
"NP12","City_Town"
"NP13","City_Town"
"NP15","Rural"
"NP16","City_Town"
"NP18","Rural"
"NP19","City_Town"
"NP2","Rural"
"NP20","City_Town"
"NP22","City_Town"
"NP23","City_Town"
"NP24","Rural"
"NP25","City_Town"
"NP26","Rural"
"NP3","Rural"
"NP4","City_Town"
"NP44","City_Town"
"NP5","Rural"
"NP6","Rural"
"NP7","City_Town"
"NP8","Rural"
"NP9","Rural"
"NPT","Rural"
"NR1","City_Town"
"NR10","Rural"
"NR11","Rural"
"NR12","Rural"
"NR13","Rural"
"NR14","Rural"
"NR15","Rural"
"NR16","Rural"
"NR17","City_Town"
"NR18","City_Town"
"NR19","City_Town"
"NR2","City_Town"
"NR20","Rural"
"NR21","Rural"
"NR22","Rural"
"NR23","Rural"
"NR24","Rural"
"NR25","Rural"
"NR26","Rural"
"NR27","Rural"
"NR28","City_Town"
"NR29","Rural"
"NR3","City_Town"
"NR30","City_Town"
"NR31","City_Town"
"NR32","City_Town"
"NR33","City_Town"
"NR34","City_Town"
"NR35","Rural"
"NR4","City_Town"
"NR5","City_Town"
"NR6","City_Town"
"NR7","City_Town"
"NR8","City_Town"
"NR9","Rural"
"NR99","City_Town"
"NW1","Large_urban"
"NW10","Large_urban"
"NW11","Large_urban"
"NW1W","Large_urban"
"NW2","Large_urban"
"NW26","Large_urban"
"NW3","Large_urban"
"NW4","Large_urban"
"NW5","Large_urban"
"NW6","Large_urban"
"NW7","Large_urban"
"NW8","Large_urban"
"NW9","Large_urban"
"OL1","Large_urban"
"OL10","Large_urban"
"OL11","Large_urban"
"OL12","Large_urban"
"OL13","City_Town"
"OL14","City_Town"
"OL15","Large_urban"
"OL16","Large_urban"
"OL2","Large_urban"
"OL3","City_Town"
"OL4","Large_urban"
"OL5","Large_urban"
"OL6","Large_urban"
"OL7","Large_urban"
"OL8","Large_urban"
"OL9","Large_urban"
"OL95","Large_urban"
"OX1","City_Town"
"OX10","Rural"
"OX11","City_Town"
"OX12","City_Town"
"OX13","Rural"
"OX14","City_Town"
"OX15","Rural"
"OX16","City_Town"
"OX17","Rural"
"OX18","City_Town"
"OX2","City_Town"
"OX20","Rural"
"OX25","Rural"
"OX26","City_Town"
"OX27","Rural"
"OX28","City_Town"
"OX29","Rural"
"OX3","City_Town"
"OX33","City_Town"
"OX39","Rural"
"OX4","City_Town"
"OX44","Rural"
"OX49","Rural"
"OX5","City_Town"
"OX6","Rural"
"OX7","Rural"
"OX8","Rural"
"OX9","City_Town"
"PA1","Large_urban"
"PA10","Large_urban"
"PA11","Rural"
"PA12","Rural"
"PA13","Rural"
"PA14","Large_urban"
"PA15","Large_urban"
"PA16","Large_urban"
"PA17","Rural"
"PA18","Rural"
"PA19","Large_urban"
"PA2","Large_urban"
"PA20","Rural"
"PA21","Rural"
"PA22","Rural"
"PA23","Rural"
"PA24","Rural"
"PA25","Rural"
"PA26","Rural"
"PA27","Rural"
"PA28","Rural"
"PA29","Rural"
"PA3","Large_urban"
"PA30","Rural"
"PA31","Rural"
"PA32","Rural"
"PA33","Rural"
"PA34","Rural"
"PA35","Rural"
"PA36","Rural"
"PA37","Rural"
"PA38","Rural"
"PA39","Rural"
"PA4","Large_urban"
"PA40","Rural"
"PA41","Rural"
"PA42","Rural"
"PA43","Rural"
"PA44","Rural"
"PA45","Rural"
"PA46","Rural"
"PA47","Rural"
"PA48","Rural"
"PA49","Rural"
"PA5","Large_urban"
"PA6","Rural"
"PA60","Rural"
"PA61","Rural"
"PA62","Rural"
"PA63","Rural"
"PA64","Rural"
"PA65","Rural"
"PA66","Rural"
"PA67","Rural"
"PA68","Rural"
"PA69","Rural"
"PA7","Rural"
"PA70","Rural"
"PA71","Rural"
"PA72","Rural"
"PA73","Rural"
"PA74","Rural"
"PA75","Rural"
"PA76","Rural"
"PA77","Rural"
"PA78","Rural"
"PA8","Large_urban"
"PA80","Rural"
"PA81","Rural"
"PA82","Rural"
"PA83","Rural"
"PA84","Rural"
"PA85","Rural"
"PA86","Rural"
"PA87","Rural"
"PA88","Rural"
"PA9","Large_urban"
"PA98","Large_urban"
"PE1","City_Town"
"PE10","City_Town"
"PE11","City_Town"
"PE12","Rural"
"PE13","City_Town"
"PE14","Rural"
"PE15","City_Town"
"PE16","City_Town"
"PE17","Rural"
"PE18","Rural"
"PE19","City_Town"
"PE2","City_Town"
"PE20","Rural"
"PE21","City_Town"
"PE22","Rural"
"PE23","Rural"
"PE24","Rural"
"PE25","City_Town"
"PE26","Rural"
"PE27","City_Town"
"PE28","Rural"
"PE29","City_Town"
"PE3","City_Town"
"PE30","City_Town"
"PE31","Rural"
"PE32","Rural"
"PE33","Rural"
"PE34","Rural"
"PE35","Rural"
"PE36","Rural"
"PE37","Rural"
"PE38","City_Town"
"PE4","City_Town"
"PE5","Rural"
"PE6","Rural"
"PE7","City_Town"
"PE8","Rural"
"PE9","City_Town"
"PE99","City_Town"
"PH1","Large_urban"
"PH10","Rural"
"PH11","Rural"
"PH12","Rural"
"PH13","Rural"
"PH14","Rural"
"PH15","Rural"
"PH16","Rural"
"PH17","Rural"
"PH18","Rural"
"PH19","Rural"
"PH2","Rural"
"PH20","Rural"
"PH21","Rural"
"PH22","Rural"
"PH23","Rural"
"PH24","Rural"
"PH25","Rural"
"PH26","Rural"
"PH3","Rural"
"PH30","Rural"
"PH31","Rural"
"PH32","Rural"
"PH33","Rural"
"PH34","Rural"
"PH35","Rural"
"PH36","Rural"
"PH37","Rural"
"PH38","Rural"
"PH39","Rural"
"PH4","Rural"
"PH40","Rural"
"PH41","Rural"
"PH42","Rural"
"PH43","Rural"
"PH44","Rural"
"PH49","Rural"
"PH5","Rural"
"PH50","Rural"
"PH6","Rural"
"PH7","Rural"
"PH8","Rural"
"PH9","Rural"
"PL1","City_Town"
"PL10","Rural"
"PL11","Rural"
"PL12","City_Town"
"PL13","Rural"
"PL14","Rural"
"PL15","Rural"
"PL16","Rural"
"PL17","Rural"
"PL18","Rural"
"PL19","City_Town"
"PL2","City_Town"
"PL20","Rural"
"PL21","City_Town"
"PL22","Rural"
"PL23","Rural"
"PL24","Rural"
"PL25","City_Town"
"PL26","Rural"
"PL27","Rural"
"PL28","Rural"
"PL29","Rural"
"PL3","City_Town"
"PL30","Rural"
"PL31","City_Town"
"PL32","Rural"
"PL33","Rural"
"PL34","Rural"
"PL35","Rural"
"PL4","City_Town"
"PL5","City_Town"
"PL6","City_Town"
"PL7","City_Town"
"PL8","Rural"
"PL9","City_Town"
"PL95","City_Town"
"PO1","City_Town"
"PO10","City_Town"
"PO11","City_Town"
"PO12","City_Town"
"PO13","City_Town"
"PO14","City_Town"
"PO15","City_Town"
"PO16","City_Town"
"PO17","Rural"
"PO18","Rural"
"PO19","City_Town"
"PO2","City_Town"
"PO20","Rural"
"PO21","City_Town"
"PO22","City_Town"
"PO3","City_Town"
"PO30","City_Town"
"PO31","City_Town"
"PO32","City_Town"
"PO33","City_Town"
"PO34","City_Town"
"PO35","Rural"
"PO36","City_Town"
"PO37","City_Town"
"PO38","Rural"
"PO39","Rural"
"PO4","City_Town"
"PO40","Rural"
"PO41","Rural"
"PO5","City_Town"
"PO6","City_Town"
"PO7","City_Town"
"PO8","City_Town"
"PO9","City_Town"
"PR0","City_Town"
"PR1","City_Town"
"PR11","City_Town"
"PR2","City_Town"
"PR25","City_Town"
"PR26","City_Town"
"PR3","Rural"
"PR4","City_Town"
"PR5","City_Town"
"PR6","City_Town"
"PR7","City_Town"
"PR8","City_Town"
"PR9","City_Town"
"RG1","City_Town"
"RG10","Rural"
"RG11","Rural"
"RG12","City_Town"
"RG13","Rural"
"RG14","City_Town"
"RG15","Rural"
"RG16","Rural"
"RG17","Rural"
"RG18","City_Town"
"RG19","City_Town"
"RG2","City_Town"
"RG20","Rural"
"RG21","City_Town"
"RG22","City_Town"
"RG23","City_Town"
"RG24","City_Town"
"RG25","Rural"
"RG26","City_Town"
"RG27","Rural"
"RG28","Rural"
"RG29","Rural"
"RG3","Rural"
"RG30","City_Town"
"RG31","City_Town"
"RG4","City_Town"
"RG40","City_Town"
"RG41","City_Town"
"RG42","City_Town"
"RG45","City_Town"
"RG5","City_Town"
"RG6","City_Town"
"RG7","Rural"
"RG8","Rural"
"RG9","City_Town"
"RH1","City_Town"
"RH10","City_Town"
"RH11","City_Town"
"RH12","City_Town"
"RH13","Rural"
"RH14","Rural"
"RH15","City_Town"
"RH16","City_Town"
"RH17","Rural"
"RH18","City_Town"
"RH19","City_Town"
"RH2","City_Town"
"RH20","Rural"
"RH3","Rural"
"RH4","City_Town"
"RH5","Rural"
"RH6","City_Town"
"RH7","Rural"
"RH77","City_Town"
"RH8","City_Town"
"RH9","Rural"
"RM1","Large_urban"
"RM10","Large_urban"
"RM11","Large_urban"
"RM12","Large_urban"
"RM13","Large_urban"
"RM14","Large_urban"
"RM15","Large_urban"
"RM16","Large_urban"
"RM17","Large_urban"
"RM18","Large_urban"
"RM19","Large_urban"
"RM2","Large_urban"
"RM20","Large_urban"
"RM3","Large_urban"
"RM4","Rural"
"RM5","Large_urban"
"RM50","Large_urban"
"RM6","Large_urban"
"RM7","Large_urban"
"RM8","Large_urban"
"RM9","Large_urban"
"S1","Large_urban"
"S10","Large_urban"
"S11","Large_urban"
"S12","Large_urban"
"S13","Large_urban"
"S14","Large_urban"
"S17","Large_urban"
"S18","Large_urban"
"S19","Rural"
"S2","Large_urban"
"S20","Large_urban"
"S21","Large_urban"
"S25","City_Town"
"S26","Large_urban"
"S3","Large_urban"
"S30","Rural"
"S31","Rural"
"S32","Rural"
"S33","Rural"
"S35","Large_urban"
"S36","City_Town"
"S4","Large_urban"
"S40","City_Town"
"S41","City_Town"
"S42","City_Town"
"S43","City_Town"
"S44","City_Town"
"S45","City_Town"
"S49","City_Town"
"S5","Large_urban"
"S6","Large_urban"
"S60","Large_urban"
"S61","Large_urban"
"S62","Large_urban"
"S63","Large_urban"
"S64","Large_urban"
"S65","Large_urban"
"S66","Large_urban"
"S7","Large_urban"
"S70","Large_urban"
"S71","Large_urban"
"S72","Rural"
"S73","Large_urban"
"S74","Large_urban"
"S75","Large_urban"
"S8","Large_urban"
"S80","City_Town"
"S81","City_Town"
"S9","Large_urban"
"S95","Large_urban"
"S96","Large_urban"
"S97","Large_urban"
"S98","Large_urban"
"S99","Large_urban"
"SA1","City_Town"
"SA10","City_Town"
"SA11","City_Town"
"SA12","City_Town"
"SA13","City_Town"
"SA14","City_Town"
"SA15","City_Town"
"SA16","Rural"
"SA17","Rural"
"SA18","Rural"
"SA19","Rural"
"SA2","City_Town"
"SA20","Rural"
"SA3","City_Town"
"SA31","City_Town"
"SA32","Rural"
"SA33","Rural"
"SA34","Rural"
"SA35","Rural"
"SA36","Rural"
"SA37","Rural"
"SA38","Rural"
"SA39","Rural"
"SA4","City_Town"
"SA40","Rural"
"SA41","Rural"
"SA42","Rural"
"SA43","Rural"
"SA44","Rural"
"SA45","Rural"
"SA46","Rural"
"SA47","Rural"
"SA48","Rural"
"SA5","City_Town"
"SA6","City_Town"
"SA61","City_Town"
"SA62","Rural"
"SA63","Rural"
"SA64","Rural"
"SA65","Rural"
"SA66","Rural"
"SA67","Rural"
"SA68","Rural"
"SA69","Rural"
"SA7","City_Town"
"SA70","Rural"
"SA71","Rural"
"SA72","Rural"
"SA73","City_Town"
"SA8","City_Town"
"SA80","City_Town"
"SA9","City_Town"
"SA99","City_Town"
"SE1","Large_urban"
"SE10","Large_urban"
"SE11","Large_urban"
"SE12","Large_urban"
"SE13","Large_urban"
"SE14","Large_urban"
"SE15","Large_urban"
"SE16","Large_urban"
"SE17","Large_urban"
"SE18","Large_urban"
"SE19","Large_urban"
"SE1P","Large_urban"
"SE2","Large_urban"
"SE20","Large_urban"
"SE21","Large_urban"
"SE22","Large_urban"
"SE23","Large_urban"
"SE24","Large_urban"
"SE25","Large_urban"
"SE26","Large_urban"
"SE27","Large_urban"
"SE28","Large_urban"
"SE3","Large_urban"
"SE4","Large_urban"
"SE5","Large_urban"
"SE6","Large_urban"
"SE7","Large_urban"
"SE8","Large_urban"
"SE9","Large_urban"
"SE99","Large_urban"
"SG1","City_Town"
"SG10","Rural"
"SG11","Rural"
"SG12","City_Town"
"SG13","City_Town"
"SG14","City_Town"
"SG15","Rural"
"SG16","Rural"
"SG17","City_Town"
"SG18","City_Town"
"SG19","Rural"
"SG2","City_Town"
"SG3","Rural"
"SG4","City_Town"
"SG5","City_Town"
"SG6","City_Town"
"SG7","City_Town"
"SG8","Rural"
"SG9","Rural"
"SK1","Large_urban"
"SK10","City_Town"
"SK11","City_Town"
"SK12","Large_urban"
"SK13","Large_urban"
"SK14","Large_urban"
"SK15","Large_urban"
"SK16","Large_urban"
"SK17","City_Town"
"SK2","Large_urban"
"SK22","City_Town"
"SK23","Rural"
"SK3","Large_urban"
"SK4","Large_urban"
"SK5","Large_urban"
"SK6","Large_urban"
"SK7","Large_urban"
"SK8","Large_urban"
"SK9","Large_urban"
"SL0","Rural"
"SL1","City_Town"
"SL2","City_Town"
"SL3","City_Town"
"SL4","City_Town"
"SL5","City_Town"
"SL6","City_Town"
"SL60","City_Town"
"SL7","City_Town"
"SL8","City_Town"
"SL9","City_Town"
"SL95","City_Town"
"SM1","Large_urban"
"SM2","Large_urban"
"SM3","Large_urban"
"SM4","Large_urban"
"SM5","Large_urban"
"SM6","Large_urban"
"SM7","Large_urban"
"SN1","City_Town"
"SN10","City_Town"
"SN11","City_Town"
"SN12","City_Town"
"SN13","City_Town"
"SN14","City_Town"
"SN15","City_Town"
"SN16","Rural"
"SN17","City_Town"
"SN2","City_Town"
"SN25","City_Town"
"SN26","City_Town"
"SN3","City_Town"
"SN38","City_Town"
"SN4","Rural"
"SN5","City_Town"
"SN6","Rural"
"SN7","Rural"
"SN8","Rural"
"SN9","Rural"
"SN99","City_Town"
"SO1","Rural"
"SO14","City_Town"
"SO15","City_Town"
"SO16","City_Town"
"SO17","City_Town"
"SO18","City_Town"
"SO19","City_Town"
"SO2","Rural"
"SO20","Rural"
"SO21","Rural"
"SO22","City_Town"
"SO23","City_Town"
"SO24","Rural"
"SO25","City_Town"
"SO3","Rural"
"SO30","City_Town"
"SO31","City_Town"
"SO32","Rural"
"SO4","Rural"
"SO40","City_Town"
"SO41","City_Town"
"SO42","Rural"
"SO43","Rural"
"SO45","City_Town"
"SO5","Rural"
"SO50","City_Town"
"SO51","City_Town"
"SO52","Rural"
"SO53","City_Town"
"SO9","City_Town"
"SO97","City_Town"
"SP1","City_Town"
"SP10","City_Town"
"SP11","Rural"
"SP2","City_Town"
"SP3","Rural"
"SP4","Rural"
"SP5","Rural"
"SP6","Rural"
"SP7","Rural"
"SP8","City_Town"
"SP9","Rural"
"SR1","Large_urban"
"SR2","Large_urban"
"SR3","Large_urban"
"SR4","Large_urban"
"SR43","Large_urban"
"SR5","Large_urban"
"SR6","Large_urban"
"SR7","City_Town"
"SR8","City_Town"
"SR88","City_Town"
"SR9","Large_urban"
"SS0","City_Town"
"SS1","City_Town"
"SS11","City_Town"
"SS12","City_Town"
"SS13","City_Town"
"SS14","City_Town"
"SS15","City_Town"
"SS16","City_Town"
"SS17","City_Town"
"SS2","City_Town"
"SS22","Rural"
"SS3","City_Town"
"SS4","City_Town"
"SS5","City_Town"
"SS6","City_Town"
"SS7","City_Town"
"SS8","City_Town"
"SS9","City_Town"
"SS99","City_Town"
"ST1","City_Town"
"ST10","Rural"
"ST11","City_Town"
"ST12","Rural"
"ST13","City_Town"
"ST14","City_Town"
"ST15","City_Town"
"ST16","City_Town"
"ST17","City_Town"
"ST18","Rural"
"ST19","Rural"
"ST2","City_Town"
"ST20","Rural"
"ST21","Rural"
"ST3","City_Town"
"ST4","City_Town"
"ST5","City_Town"
"ST55","City_Town"
"ST6","City_Town"
"ST7","City_Town"
"ST8","City_Town"
"ST9","City_Town"
"SW10","Large_urban"
"SW11","Large_urban"
"SW12","Large_urban"
"SW13","Large_urban"
"SW14","Large_urban"
"SW15","Large_urban"
"SW16","Large_urban"
"SW17","Large_urban"
"SW18","Large_urban"
"SW19","Large_urban"
"SW1A","Large_urban"
"SW1E","Large_urban"
"SW1H","Large_urban"
"SW1P","Large_urban"
"SW1V","Large_urban"
"SW1W","Large_urban"
"SW1X","Large_urban"
"SW1Y","Large_urban"
"SW2","Large_urban"
"SW20","Large_urban"
"SW3","Large_urban"
"SW4","Large_urban"
"SW5","Large_urban"
"SW6","Large_urban"
"SW7","Large_urban"
"SW8","Large_urban"
"SW9","Large_urban"
"SW95","Large_urban"
"SW99","Large_urban"
"SY1","City_Town"
"SY10","Rural"
"SY11","City_Town"
"SY12","Rural"
"SY13","Rural"
"SY14","Rural"
"SY15","Rural"
"SY16","City_Town"
"SY17","Rural"
"SY18","Rural"
"SY19","Rural"
"SY2","City_Town"
"SY20","Rural"
"SY21","Rural"
"SY22","Rural"
"SY23","City_Town"
"SY24","Rural"
"SY25","Rural"
"SY3","City_Town"
"SY4","Rural"
"SY5","Rural"
"SY6","Rural"
"SY7","Rural"
"SY8","City_Town"
"SY9","Rural"
"SY99","City_Town"
"TA1","City_Town"
"TA10","Rural"
"TA11","Rural"
"TA12","Rural"
"TA13","Rural"
"TA14","Rural"
"TA15","Rural"
"TA16","Rural"
"TA17","Rural"
"TA18","Rural"
"TA19","Rural"
"TA2","City_Town"
"TA20","City_Town"
"TA21","City_Town"
"TA22","Rural"
"TA23","Rural"
"TA24","City_Town"
"TA3","Rural"
"TA4","Rural"
"TA5","Rural"
"TA6","City_Town"
"TA7","Rural"
"TA8","City_Town"
"TA9","City_Town"
"TD1","Large_urban"
"TD10","Rural"
"TD11","Rural"
"TD12","Rural"
"TD13","Rural"
"TD14","Rural"
"TD15","City_Town"
"TD2","Rural"
"TD3","Rural"
"TD4","Rural"
"TD5","Rural"
"TD6","Rural"
"TD7","Rural"
"TD8","Rural"
"TD9","Large_urban"
"TF1","City_Town"
"TF10","City_Town"
"TF11","Rural"
"TF12","City_Town"
"TF13","Rural"
"TF2","City_Town"
"TF3","City_Town"
"TF4","City_Town"
"TF5","City_Town"
"TF6","Rural"
"TF7","City_Town"
"TF8","City_Town"
"TF9","Rural"
"TN1","City_Town"
"TN10","City_Town"
"TN11","Rural"
"TN12","Rural"
"TN13","City_Town"
"TN14","Rural"
"TN15","Rural"
"TN16","City_Town"
"TN17","Rural"
"TN18","Rural"
"TN19","Rural"
"TN2","City_Town"
"TN20","Rural"
"TN21","Rural"
"TN22","City_Town"
"TN23","City_Town"
"TN24","City_Town"
"TN25","Rural"
"TN26","Rural"
"TN27","Rural"
"TN28","Rural"
"TN29","Rural"
"TN3","Rural"
"TN30","Rural"
"TN31","Rural"
"TN32","Rural"
"TN33","Rural"
"TN34","City_Town"
"TN35","City_Town"
"TN36","Rural"
"TN37","City_Town"
"TN38","City_Town"
"TN39","City_Town"
"TN4","City_Town"
"TN40","City_Town"
"TN5","Rural"
"TN6","City_Town"
"TN7","Rural"
"TN8","Rural"
"TN9","City_Town"
"TQ1","City_Town"
"TQ10","Rural"
"TQ11","Rural"
"TQ12","City_Town"
"TQ13","Rural"
"TQ14","City_Town"
"TQ2","City_Town"
"TQ3","City_Town"
"TQ4","City_Town"
"TQ5","City_Town"
"TQ6","Rural"
"TQ7","Rural"
"TQ8","Rural"
"TQ9","Rural"
"TR1","City_Town"
"TR10","City_Town"
"TR11","City_Town"
"TR12","Rural"
"TR13","City_Town"
"TR14","City_Town"
"TR15","City_Town"
"TR16","Rural"
"TR17","Rural"
"TR18","City_Town"
"TR19","Rural"
"TR2","Rural"
"TR20","Rural"
"TR21","Rural"
"TR22","Rural"
"TR23","Rural"
"TR24","Rural"
"TR25","Rural"
"TR26","Rural"
"TR27","Rural"
"TR3","Rural"
"TR4","Rural"
"TR5","Rural"
"TR6","Rural"
"TR7","City_Town"
"TR8","Rural"
"TR9","Rural"
"TR93","Rural"
"TS1","City_Town"
"TS10","City_Town"
"TS11","Rural"
"TS12","Rural"
"TS13","Rural"
"TS14","City_Town"
"TS15","City_Town"
"TS16","City_Town"
"TS17","City_Town"
"TS18","City_Town"
"TS19","City_Town"
"TS2","City_Town"
"TS20","City_Town"
"TS21","Rural"
"TS22","City_Town"
"TS23","City_Town"
"TS24","City_Town"
"TS25","City_Town"
"TS26","City_Town"
"TS27","City_Town"
"TS28","Rural"
"TS29","Rural"
"TS3","City_Town"
"TS4","City_Town"
"TS5","City_Town"
"TS6","City_Town"
"TS7","City_Town"
"TS8","City_Town"
"TS9","Rural"
"TS90","City_Town"
"TW1","Large_urban"
"TW10","Large_urban"
"TW11","Large_urban"
"TW12","Large_urban"
"TW13","Large_urban"
"TW14","Large_urban"
"TW15","Large_urban"
"TW16","Large_urban"
"TW17","Large_urban"
"TW18","Large_urban"
"TW19","Large_urban"
"TW2","Large_urban"
"TW20","Large_urban"
"TW3","Large_urban"
"TW4","Large_urban"
"TW5","Large_urban"
"TW6","City_Town"
"TW7","Large_urban"
"TW8","Large_urban"
"TW9","Large_urban"
"UB1","Large_urban"
"UB10","Large_urban"
"UB11","Large_urban"
"UB18","Large_urban"
"UB2","Large_urban"
"UB3","Large_urban"
"UB4","Large_urban"
"UB5","Large_urban"
"UB6","Large_urban"
"UB7","Large_urban"
"UB8","Large_urban"
"UB9","Rural"
"W1","Large_urban"
"W10","Large_urban"
"W11","Large_urban"
"W12","Large_urban"
"W13","Large_urban"
"W14","Large_urban"
"W1A","Large_urban"
"W1B","Large_urban"
"W1C","Large_urban"
"W1D","Large_urban"
"W1F","Large_urban"
"W1G","Large_urban"
"W1H","Large_urban"
"W1J","Large_urban"
"W1K","Large_urban"
"W1M","Large_urban"
"W1N","Large_urban"
"W1P","Large_urban"
"W1R","Large_urban"
"W1S","Large_urban"
"W1T","Large_urban"
"W1U","Large_urban"
"W1V","Large_urban"
"W1W","Large_urban"
"W1X","Large_urban"
"W1Y","Large_urban"
"W2","Large_urban"
"W3","Large_urban"
"W4","Large_urban"
"W5","Large_urban"
"W6","Large_urban"
"W7","Large_urban"
"W8","Large_urban"
"W9","Large_urban"
"WA1","City_Town"
"WA10","Large_urban"
"WA11","Large_urban"
"WA12","Large_urban"
"WA13","City_Town"
"WA14","Large_urban"
"WA15","Large_urban"
"WA16","City_Town"
"WA2","City_Town"
"WA3","Large_urban"
"WA4","City_Town"
"WA5","City_Town"
"WA55","City_Town"
"WA6","Rural"
"WA7","City_Town"
"WA8","City_Town"
"WA88","City_Town"
"WA9","Large_urban"
"WC1A","Large_urban"
"WC1B","Large_urban"
"WC1E","Large_urban"
"WC1H","Large_urban"
"WC1N","Large_urban"
"WC1R","Large_urban"
"WC1V","Large_urban"
"WC1X","Large_urban"
"WC2A","Large_urban"
"WC2B","Large_urban"
"WC2E","Large_urban"
"WC2H","Large_urban"
"WC2N","Large_urban"
"WC2R","Large_urban"
"WC99","Large_urban"
"WD1","Rural"
"WD17","Large_urban"
"WD18","Large_urban"
"WD19","Large_urban"
"WD2","Rural"
"WD23","Large_urban"
"WD24","Large_urban"
"WD25","Large_urban"
"WD3","Large_urban"
"WD4","Large_urban"
"WD5","Large_urban"
"WD6","Large_urban"
"WD7","Rural"
"WD99","Large_urban"
"WF1","Large_urban"
"WF10","City_Town"
"WF11","City_Town"
"WF12","Large_urban"
"WF13","Large_urban"
"WF14","Large_urban"
"WF15","Large_urban"
"WF16","Large_urban"
"WF17","Large_urban"
"WF2","Large_urban"
"WF3","Large_urban"
"WF4","Rural"
"WF5","Large_urban"
"WF6","City_Town"
"WF7","City_Town"
"WF8","City_Town"
"WF9","Rural"
"WF90","Large_urban"
"WN1","Large_urban"
"WN2","Large_urban"
"WN3","Large_urban"
"WN4","Large_urban"
"WN5","Large_urban"
"WN6","Large_urban"
"WN7","Large_urban"
"WN8","Large_urban"
"WR1","City_Town"
"WR10","Rural"
"WR11","City_Town"
"WR12","Rural"
"WR13","Rural"
"WR14","City_Town"
"WR15","Rural"
"WR2","City_Town"
"WR3","City_Town"
"WR4","City_Town"
"WR5","City_Town"
"WR6","Rural"
"WR7","Rural"
"WR78","City_Town"
"WR8","Rural"
"WR9","City_Town"
"WR99","City_Town"
"WS1","Large_urban"
"WS10","Large_urban"
"WS11","Large_urban"
"WS12","Large_urban"
"WS13","City_Town"
"WS14","City_Town"
"WS15","City_Town"
"WS2","Large_urban"
"WS3","Large_urban"
"WS4","Large_urban"
"WS5","Large_urban"
"WS6","Large_urban"
"WS7","Large_urban"
"WS8","Large_urban"
"WS9","Large_urban"
"WV1","Large_urban"
"WV10","Large_urban"
"WV11","Large_urban"
"WV12","Large_urban"
"WV13","Large_urban"
"WV14","Large_urban"
"WV15","Rural"
"WV16","City_Town"
"WV2","Large_urban"
"WV3","Large_urban"
"WV4","Large_urban"
"WV5","Large_urban"
"WV6","Large_urban"
"WV7","Rural"
"WV8","Large_urban"
"WV9","Large_urban"
"WV98","City_Town"
"WV99","City_Town"
"YO1","City_Town"
"YO10","City_Town"
"YO11","City_Town"
"YO12","City_Town"
"YO13","Rural"
"YO14","Rural"
"YO15","City_Town"
"YO16","City_Town"
"YO17","City_Town"
"YO18","Rural"
"YO19","Rural"
"YO2","Rural"
"YO21","City_Town"
"YO22","Rural"
"YO23","Rural"
"YO24","City_Town"
"YO25","Rural"
"YO26","City_Town"
"YO3","Rural"
"YO30","City_Town"
"YO31","City_Town"
"YO32","City_Town"
"YO4","Rural"
"YO41","Rural"
"YO42","Rural"
"YO43","Rural"
"YO5","Rural"
"YO51","Rural"
"YO6","Rural"
"YO60","Rural"
"YO61","Rural"
"YO62","Rural"
"YO7","Rural"
"YO8","City_Town"
"YO90","City_Town"
"YO91","City_Town"
"YO95","Rural"
"ZE1","Rural"
"ZE2","Rural"
"ZE3","Rural"
